{
  "iteration": 4,
  "policy_loss": 0.7929206160788841,
  "value_loss": 0.05993649926274381,
  "results": {
    "white": 77,
    "black": 71,
    "draw": 52
  },
  "loss_history": [
    [
      2,
      0.8528071957475999,
      0.07826221208362018
    ],
    [
      3,
      0.8055400401353836,
      0.06003980024252087
    ],
    [
      4,
      0.7929206160788841,
      0.05993649926274381
    ]
  ]
}