{
  "iteration": 3,
  "policy_loss": 0.8055400401353836,
  "value_loss": 0.06003980024252087,
  "results": {
    "white": 68,
    "black": 73,
    "draw": 59
  },
  "loss_history": [
    [
      2,
      0.8528071957475999,
      0.07826221208362018
    ],
    [
      3,
      0.8055400401353836,
      0.06003980024252087
    ]
  ]
}