{
  "iteration": 2,
  "policy_loss": 0.8528071957475999,
  "value_loss": 0.07826221208362018,
  "results": {
    "white": 74,
    "black": 75,
    "draw": 51
  },
  "loss_history": [
    [
      2,
      0.8528071957475999,
      0.07826221208362018
    ]
  ]
}